conflict,city,state,latitude,longitude,start_year,start_month,start_day,end_year,end_month,end_day,combatants,result,u_strength,c_strength,i_strength,uc_wounded,uc_captured,uc_killed,uc_total,cc_wounded,cc_captured,cc_killed,cc_total,ic_wounded,ic_captured,ic_killed,ic_total,a_wounded,a_captured,a_killed,a_total
Action at Chester Station,Chester,VA,37.352861,-77.41225,1864,5,10,1864,5,10,1,4,3400,2000,,,,,280,,,,249,,,,,,,,
Battle of Adairsville,Bartow County,GA,34.4083,-84.9389,1864,5,17,1864,5,17,1,1,4174,4477,,,,,200,,,,,,,,,,,,
Battle of Aiken,Aiken,SC,33.549444,-81.720556,1865,2,11,1865,2,11,1,2,,,,,,,45-495,,,,50-251,,,,,,,,
Battle of Albemarle Sound,Albemarle Sound,NC,35.978561,-76.536942,1864,5,5,1864,5,5,1,4,8 gunboats,1 ironclad 2 gunboats,,,,,31,,,,57,,,,,,,,
Battle of Aldie,Loudoun County,VA,38.9826,-77.6588,1863,6,17,1863,6,17,1,4,2000,1500,,,,,305,,,,110-119,,,,,,,,
Battle of Allatoona,Bartow County,GA,34.116,-84.716,1864,10,5,1864,10,5,1,1,2025,3276,,,,,706,,,,897,,,,,,,,
Battle of Amelia Springs,Amelia County,VA,37.3344,-78.079,1865,4,5,1865,4,5,1,4,,,,,,,158,,,,100,,,,,,,,
Battle of Anderson,Anderson,SC,34.40516,-82.45207,1865,5,1,1865,5,1,1,4,,,,,,,2,,,,0,,,,,,,,
Battle of Anthony's Hill,Giles County,TN,35.2,-87.04,1864,12,25,1864,12,25,1,2,1000,4000,,,,,,,,,,,,,,,,,
Battle of Antietam,Washington County,MD,39.473333,-77.744722,1862,9,17,1862,9,17,1,1,87164,38000,,9549,753,2108,12410,8724,,1567,10000-13000,,,,,,,,
Battle of Apache Pass,Cochise County,AZ,32.157,-109.453,1862,7,15,1862,7,16,2,1,138,,500,3,,2,5,,,,,,,66,66,,,,
Battle of Appomattox Court House,Appomattox County,VA,37.377778,-78.794444,1865,4,9,1865,4,9,1,1,100000,28000,,,,,164,,,,500,,,,,,,,
Battle of Appomattox Station,Appomattox County,VA,37.353472,-78.827306,1865,4,8,1865,4,8,1,1,4000,3000,,40-86,3,5-32,48-121,,1000,,1000+,,,,,,,,
Battle of Aquia Creek,Stafford County,VA,38.3893,-77.3157,1861,5,29,1861,6,1,1,4,1 sloop-of-war 3 gunboats,13 artillery 2 shore batteries,,9,,,9,1,,,1,,,,,,,,
Battle of Arkansas Post,Arkansas Post,AR,34.021,-91.349,1863,1,9,1863,1,11,1,1,33000,5500,,,,134,1061,,,,709,,,,,,,,
Battle of Athens (Alabama),Athens,AL,34.8033,-86.9722,1864,1,26,1864,1,26,1,1,100,600,,,,,20,,,,30,,,,,,,,
Battle of Athens (Missouri),Clark County,MO,40.585,-91.696,1861,8,5,1861,8,5,1,1,333-500,2000 3 canon,,20,,3,23,,,31,31,,,,,,,,
Battle of Atlanta,Fulton County,GA,33.7459,-84.3488,1864,7,22,1864,7,22,1,1,34863,40438,,,,,3641,,,,5500,,,,,,,,
Battle of Averasborough,Harnett County,NC,35.25,-78.690278,1865,3,16,1865,3,16,1,4,25992,5400,,,,,682,,,,865,,,,,,,,
Battle of Ball's Bluff,Loudoun County,VA,39.1282,-77.5277,1861,10,21,1861,10,21,1,2,1720,1709,,226,553,223,1002,117,2,36,155,,,,,,,,
Battle of Barbourville,Barbourville,KY,36.861111,-83.879444,1861,9,19,1861,9,19,1,2,300,800,,1,13,1,15,,,7,7,,,,,,,,
Battle of Baton Rouge,Baton Rouge,LA,30.451,-91.1676,1862,8,5,1862,8,5,1,1,2500,2600,,,,,371,,,,478,,,,,,,,
Battle of Baxter Springs,Cherokee County,KS,37.0308,-94.735,1863,10,6,1863,10,6,1,1,96 infantry 200 cavalry 1 M1841 Mountain Howitzer,400 mounted guerrillas,,18,,113,131,2,,2,4,,,,,,,,
Battle of Bayou Bourbeux,St. Landry Parish,LA,30.4125,-92.089722,1863,11,3,1863,11,3,1,1,1625,6000,,,,26,26,,,42,42,,,,,,,,
Battle of Bayou Fourche,Pulaski County,AR,34.7154,-92.129,1863,9,10,1863,9,10,1,1,12000,7700,,,,,72,,,,64,,,,,,,,
Battle of Bayou Meto,Pulaski County,AR,34.843581,-92.122061,1863,8,27,1863,8,27,1,2,,,,,,,,38,,7,45,,,,,,,,
Battle of Bean's Station,Grainger County,TN,36.3248,-83.369,1863,12,14,1863,12,14,1,2,4000,,,,,,700,,,,900,,,,,,,,
Battle of Beaver Dam Creek,Hanover County,VA,37.5985,-77.3599,1862,6,26,1862,6,26,1,1,15631,16356,,207,105,49,361,,,,1484,,,,,,,,
Battle of Belmont,Mississippi County,MO,36.7657,-89.124,1861,11,7,1861,11,7,1,1,3114,5000,,383,104,120,607,419,117,105,641,,,,,,,,
Battle of Bentonville,Bentonville,NC,35.2532,-78.6708,1865,3,19,1865,3,21,1,1,60000,21900,,1112,221,194,1527,1694,673,239,2606,,,,,,,,
Battle of Berryville,Clarke County,VA,39.162083,-77.997556,1864,9,3,1864,9,4,1,4,16000,8000,,,,,314,,,,295,,,,,,,,
Battle of Big Bethel,Tabb,VA,37.0937,-76.425,1861,6,10,1861,6,10,1,2,3500,1400,,53,5,18,76,7,,1,8,,,,,,,,
Battle of Big Black River Bridge,Hinds County,MS,32.3471,-90.7043,1863,5,17,1863,5,17,1,1,,5000,,,,,276,,,,1751,,,,,,,,
Battle of Big Mound,Kidder County,ND,47.024036,-99.629087,1863,7,24,1863,7,24,2,1,2056 soldiers,,1000-1500,4,,3,7,,,,,,,9,9,,,,
Battle of Birch Coulee,Morton,MN,44.576389,-94.974722,1862,9,2,1862,9,2,2,3,170,,200,47,,13,60,,,,,,,,2,,,,
Battle of Blackburn's Ford,Prince William County,VA,38.804167,-77.449167,1861,7,18,1861,7,18,1,2,3000,5100,,,,,83,,,,68,,,,,,,,
Battle of Blair's Landing,Red River Parish,LA,31.941,-93.289,1864,4,12,1864,4,13,1,1,1 Corps,1 Cavalry Division,,,,,7,,,,200,,,,,,,,
Battle of Blountville,Blountville,TN,36.533333,-82.326389,1863,9,22,1863,9,22,1,1,,,,,,,27,,,,165,,,,,,,,
Battle of Blue Springs,Greene County,TN,36.1934,-82.9373,1863,10,10,1863,10,10,1,1,,,,,,,100,,,,216,,,,,,,,
Battle of Boonsboro,Washington County,MD,39.5254,-77.6632,1863,7,8,1863,7,8,1,4,Divisions,Divisions,,,,,,,,,,,,,,,,,100
Battle of Brandy Station,Culpeper County,VA,38.5018,-77.8936,1863,6,9,1863,6,9,1,4,11000,9500,,352,486,69,907,,,,523,,,,,,,,
Battle of Brentwood,Williamson County,TN,36.0363,-86.7855,1863,3,25,1863,3,25,1,2,400,,,,,,305,,,,6,,,,,,,,
Battle of Brice's Crossroads,Near Baldwyn,MS,34.506111,-88.728889,1864,6,10,1864,6,10,1,2,8100,3500,,2017,,223,2240,412,,80,492,,,,,,,,
Battle of Bristoe Station,Prince William County,VA,38.7234,-77.5418,1863,10,14,1863,10,14,1,1,8383,17218,,,,,540,,,,1380,,,,,,,,
Battle of Brown's Mill,Coweta County,GA,33.35,-84.76,1864,7,30,1864,7,30,1,2,,,,,,,100,,,,50,,,,,,,,
Battle of Buck Head Creek,Jenkins County,GA,32.8991,-82.0255,1864,11,28,1864,11,28,1,1,5000,2000,,,,,46,,,,600,,,,,,,,
Battle of Buckland Mills,Fauquier County,VA,38.7747,-77.692,1863,10,19,1863,10,19,1,2,,,,,,,,,,,,,,,,,,,230
Battle of Buffington Island,Portland,OH,38.991111,-81.771389,1863,7,19,1863,7,19,1,1,3000,1700,,,,25,25,100,750,52,902,,,,,,,,
Battle of Bull's Gap,Hamblen County,TN,36.252,-83.081,1864,11,13,1864,11,13,1,2,,2400,,,,,241,,,,,,,,,,,,
Battle of Byram's Ford,Kansas City,MO,39.0228,-94.5307,1864,10,22,1864,10,23,1,1,16000,16000,,,,,,,,,,,,,,,,,
Battle of Camden Point,Camden Point,MO,39.453333,-94.745278,1864,7,13,1864,7,13,1,1,700-1000,200-300,,25,,2,27,1,,1,2,,,,,,,,
Battle of Camp Allegheny,Pocahontas County,WV,38.473889,-79.724444,1861,12,13,1861,12,13,1,4,Brigades,Brigades,,,,,137,97,23,25,145,,,,,,,,
Battle of Camp Wildcat,Laurel County,KY,37.11,-84.12,1861,10,21,1861,10,21,1,1,7000,5400,,20,,5,25,,42,11,53,,,,,,,,
Battle of Campbell's Station,Knox County,TN,35.8846,-84.1539,1863,11,16,1863,11,16,1,1,,,,,,,400,,,,570,,,,,,,,
Battle of Canada Alamosa,Canada Alamosa,NM,36.5425335,-106.160166,1861,9,24,1861,9,25,1,1,100,112,,6,23,4,33,7,,2,9,,,,,,,,
Battle of Cane Hill,Washington County,AR,35.9066,-94.3998,1862,11,28,1862,11,28,1,2,5000,2000,,,,,41,,,,45,,,,,,,,
Battle of Canyon de Chelly,Canyon de Chelly National Monument,AZ,36.155278,-109.508889,1864,1,12,1864,1,14,2,1,389,,1000-8000,,,,,,,,,5,234,23,262,,,,
Battle of Cape Girardeau,Cape Girardeau County,MO,37.3132,-89.5514,1863,4,26,1863,4,26,1,1,4000,5000,,,,,12,,,,325,,,,,,,,
Battle of Carlisle,Carlisle,PA,40.2011,-77.1845,1863,7,1,1863,7,1,1,4,1000,3 cavalry brigades,,12,,1,13,,,,8,,,,,,,,
Battle of Carnifex Ferry,Nicholas County,WV,38.208889,-80.938611,1861,9,10,1861,9,10,1,1,5000,2000,,141,,17,158,30,,,30+,,,,,,,,
Battle of Carthage,Carthage,MO,37.2,-94.34,1861,7,5,1861,7,5,1,2,1100,4000 armed 2000 unarmed,,,,,44,,,,200,,,,,,,,
Battle of Cedar Creek,Frederick County,VA,39.02081,-78.3038,1864,10,19,1864,10,19,1,1,46980,27446,,,1591,644,5665,1540,1050,320,2910,,,,,,,,
Battle of Cedar Mountain,Culpeper County,VA,38.4014,-78.0658,1862,8,9,1862,8,9,1,2,8030,16868,,1445,594,314,2353,1107,,231,1338,,,,,,,,
Battle of Chaffin's Farm and New Market Heights,Henrico County,VA,37.4268,-77.3729,1864,9,29,1864,9,30,1,1,26600,14500,,2317,649,391,3372,1250,500,250,2000,,,,,,,,
Battle of Chalk Bluff,Dunklin County,MO,36.47726,-90.15883,1863,5,1,1863,5,2,1,1,10000,2000,,44,53,23,120,60,120,30,210,,,,,,,,
Battle of Champion Hill,Hinds County,MS,32.3296,-90.5303,1863,5,16,1863,5,16,1,1,32000,22000,,1844,187,410,2457,1018,2441,381,3840,,,,,,,,
Battle of Chancellorsville,Spotsylvania County,VA,38.3105,-77.6484,1863,4,30,1863,5,6,1,2,133868,60892,,9762,5919,1606,17287,9081,2018,1665,13303,,,,,,,,
Battle of Chantill,Fairfax County,VA,38.86451,-77.36949,1862,9,1,1862,9,1,1,4,6000,20000,,,,,1300,,,,800,,,,,,,,
Battle of Charleston (Missouri),Charleston,MO,36.921389,-89.346389,1861,8,19,1861,8,19,1,1,,,,,,,,,,,,,,,,,,,
Battle of Charleston (Virginia),Charleston,VA,38.347222,-81.633333,1862,9,13,1862,9,13,1,2,,,,,,,,,,,,,,,,,,,
Battle of Cheat Mountain,Pocahontas County,WV,38.621389,-79.880556,1861,9,12,1861,9,15,1,1,3000,5000,,,,,88,,,,90,,,,,,,,
Battle of Cherbourg,off Cherbourg,France,49.7525,-1.695,1864,6,19,1864,6,19,1,1,1 screw sloop-of-war,1 screw sloop-of-war,,2,,1,3,,70,40,110,,,,,,,,
Battle of Chickamauga,Catoosa County,GA,34.9176,-85.2606,1863,9,18,1863,9,20,1,2,60000,65000,,9756,4757,1657,16170,14674,1468,2312,18454,,,,,,,,
Battle of Chickasaw Bayou,Warren County,MS,32.399,-90.854,1862,12,26,1862,12,29,1,2,30720,13792,,1005,563,208,1776,134,10,63,187,,,,,,,,
Battle of Chustenahlah,Osage County,OK,36.3878,-96.0752,1861,12,26,1861,12,26,3,2,,1380,1700,,,,,40,,9,49,,,250,250,,,,
Battle of Chusto-Talasah,Tulsa County,OK,36.2823,-95.9502,1861,12,9,1861,12,9,3,2,,1300,2000-2500,,,,,37,,30,67,,,9,500,,,,
Battle of Clark's Mill,Douglas County,MO,36.9207,-92.4888,1862,11,7,1862,11,7,1,2,100,1000,,37,,9,46,,,,0,,,,,,,,
Battle of Cloyd's Mountain,Pulaski County,VA,37.174583,-80.709,1864,5,9,1864,5,9,1,1,6100,2400,,,,,688,,,,538,,,,,,,,
Battle of Cockle Creek,Chincoteague,VA,37.934722,-75.367778,1861,10,5,1861,10,5,1,1,98,300,,,,,,,,,,,,,,,,,
Battle of Cockpit Point,Prince William County,VA,38.5586,-77.2642,1862,1,3,1862,1,3,1,4,2 gunboats,50,,,,,,,,,,,,,,,,,
Battle of Cold Harbor,Hanover County,VA,37.59,-77.285,1864,5,31,1864,6,12,1,2,117000,62000,,9077,1816,1845,12738,3376,1123,788,5287,,,,,,,,
Battle of Cole Camp,Benton County,MO,38.3,-93.29,1861,6,19,1861,6,19,1,2,400-600,350,,60,25,35,120,25,,7,32,,,,,,,,
Battle of Collierville,Shelby County,TN,35.044,-89.6645,1863,11,3,1863,11,3,1,1,850,2500,,,,,60,,,,95,,,,,,,,
Battle of Columbia,Maury County,TN,35.6163,-87.0488,1864,11,24,1864,11,29,1,2,28000,35000,,,,,,,,,,,,,,,,,
Battle of Columbus,Girard,AL,32.467,-84.997,1865,4,16,1865,4,16,1,1,13500,3500,,,,,60,,,,80,,,,,,,,
Battle of Compton's Ferry,Grand River,MO,39.743333,-93.6275,1862,8,11,1862,8,11,1,1,,1200-1500,,,,,0,,,,,,,,,,,,
Battle of Cool Spring,Clarke County,VA,39.1457,-77.865,1864,7,17,1864,7,18,1,2,5000,8000,,,,,422,,,,397,,,,,,,,
Battle of Corrick's Ford,Tucker County,WV,39.087778,-79.685,1861,7,13,1861,7,13,1,1,20000,4500,,,,,53,,600,20,620,,,,,,,,
Battle of Corydon,Corydon,IN,38.199,-86.129,1863,7,9,1863,7,9,1,2,400,1800,,12,355,4,371,40,,11,51,,,,,,,,
Battle of Cotton Plant,Woodruff County,AR,35.0365,-91.293,1862,7,7,1862,7,7,1,1,400,5000,,,,,63,,,,245,,,,,,,,
Battle of Cove Mountain,Wythe County,VA,37.0092,-81.07322,1864,5,10,1864,5,10,1,4,2500,4000,,,,,,,,,,,,,,,,,300
Battle of Crampton's Gap/ Burkittsville,Frederick County,MD,39.406,-77.6398,1862,9,14,1862,9,14,1,1,12800,2100,,416,2,115,533,759,,130,887,,,,,,,,
Battle of Cross Keys,Rockingham County,VA,38.3579,-78.8438,1862,6,8,1862,6,8,1,2,11500,5800,,,,,664,,,,287,,,,,,,,
Battle of Cumberland Church,Cumberland County,VA,37.3464,-78.3866,1865,4,7,1865,4,7,1,2,12000,12000,,,,,645,,,,255,,,,,,,,
Battle of Cynthiana,Cynthiana,KY,38.407,-84.3056,1864,6,11,1864,6,12,1,1,3450,1200,,,,,1092,,,,1000,,,,,,,,
Battle of Dallas,Paulding County,GA,33.9127,-84.828,1864,5,26,1864,6,1,1,1,80000,40000,,,,,2400,,,,3000,,,,,,,,
Battle of Dalton,Whitfield County,GA,34.7889,-84.9807,1864,8,14,1864,8,15,1,1,800,5000,,55,,40,95,,,,150,,,,,,,,
Battle of Dandridge,Jefferson County,TN,36.0472,-83.3493,1864,1,17,1864,1,17,1,2,,,,,,,150,,,,,,,,,,,,
Battle of Darbytown Road,Henrico County,VA,37.483,-77.3574,1864,10,7,1864,10,7,1,2,X Corps,Corps,,358,43,36,437,,,,513,,,,,,,,
Battle of Darbytown and New Market Roads,Henrico County,VA,37.4576,-77.3467,1864,10,7,1864,10,7,1,1,X Corps,16000,,253,156,49,458,,,,700,,,,,,,,
Battle of Davis's Cross Roads,Dade County,GA,34.7557,-85.368,1863,9,10,1863,9,11,1,4,8000,12000,,,,,,,,,,,,,,,,,
Battle of Day's Gap,Cullman County,AL,34.3096,-87.011,1863,4,30,1863,4,30,1,1,1500,600,,,,,23,,,,65,,,,,,,,
Battle of Dead Buffalo Lake,Kidder County,ND,46.8961,-99.7846,1863,7,26,1863,7,26,2,1,2056,,1600,,,1,1,,,,,,,15,15,,,,
Battle of Decatur,Decatur,AL,34.614,-86.986,1864,10,26,1864,10,29,1,1,5000,39000,,,,,155,,,,450,,,,,,,,
Battle of Devil's Backbone,Sebastian County,AR,35.1785,-94.3106,1863,9,1,1863,9,1,1,1,1500,1250,,,,,16,,,,65,,,,,,,,
Battle of Dinwiddie Court House,Dinwiddie County,VA,37.07725,-77.58711,1865,3,31,1865,3,31,1,2,9000,10600,,,,,354,,,,760,,,,,,,,
Battle of Dove Creek,Tom Green County,TX,31.41,-100.46,1865,1,16,1865,1,16,3,3,,486,600,,,,,19,,22,41,,,14,14,,,,
Battle of Dover,Stewart County,TN,36.48485,-87.85747,1863,2,3,1863,2,3,1,1,800,2500,,,,,126,,,,670,,,,,,,,
Battle of Dranesville,Fairfax County,VA,38.995472,-77.337194,1861,12,20,1861,12,20,1,1,5000,4000,,,,,71,,,,230,,,,,,,,
Battle of Drewry's Bluff,Chesterfield County,VA,37.4211,-77.4229,1862,5,15,1862,5,15,1,2,3 ironclad warship 2 gunboats,7 artillery pieces 1 Fort Darling 1 shore battery,,,,24,24,,,15,15,,,,,,,,
Battle of Droop Mountain,Pocahontas County,WV,38.1128,-80.274,1863,11,6,1863,11,6,1,1,5000,1200,,,,,119,,,,275,,,,,,,,
Battle of Dry Wood Creek,Vernon County,MO,37.8197,-94.4862,1861,9,2,1861,9,2,1,2,600,,,,,,14,16,,4,20,,,,,,,,
Battle of Elizabeth City,Camden County,NC,36.2742,-76.1421,1862,2,10,1862,2,10,1,1,13 gunboats,34,,7,,2,9,7,34,5,46,,,,,,,,
Battle of Elkin's Ferry,Clark County,AR,33.930556,-93.357222,1864,4,3,1864,4,4,1,1,8500,7500,,,,,38,,,,54,,,,,,,,
Battle of Eltham's Landing,New Kent County,VA,37.5002,-76.8423,1862,5,7,1862,5,7,1,4,11300,11000,,,,,194,,,,48,,,,,,,,
Battle of Ezra Church,Fulton County,GA,33.752778,-84.439167,1864,7,28,1864,7,28,1,1,13266,18450,,,,,642,,,,3000,,,,,,,,
Battle of Fair Garden,Sevier County,TN,35.8645,-83.5096,1864,1,27,1864,1,27,1,1,1 cavalry division,1 cavalry division,,,,,100,,,,165,,,,,,,,
Battle of Fairfield near Fairfield Gap,North of Fairfield,PA,39.787222,-77.369444,1863,7,3,1863,7,3,1,2,400,1050,,28,208,6,242,21,5,8,34,,,,,,,,
Battle of Fisher's Hill,Shenandoah County,VA,38.9838,-78.3959,1864,9,21,1864,9,22,1,1,35000-40000,9500,,,,,528,,,,1234,,,,,,,,
Battle of Five Forks,Five Forks,VA,37.139444,-77.622778,1865,4,1,1865,4,1,1,1,22000,10600,,,,,830,,,,2950,,,,,,,,
Battle of Folck's Mill,Allegany County,MD,39.6639,-78.753,1864,8,1,1864,8,1,1,4,2400,5200,,3,,2,5,40-50,,20-25,60-75,,,,,,,,
Battle of Fort Anderson,Craven County,NC,35.1383,-77.0358,1863,3,13,1863,3,15,1,1,45000,12000,,,,,,,,,,,,,,,,,7
Battle of Fort Bisland,St. Mary Parish,LA,29.7101,-91.351,1863,4,12,1863,4,13,1,1,,,,,,,234,,,,450,,,,,,,,
Battle of Fort Blakely,Baldwin County,AL,30.742408,-87.927039,1865,4,2,1865,4,9,1,1,45000,4000,,,,,629,,,,2900,,,,,,,,
Battle of Fort Brooke,Tampa,FL,28.00062,-82.47368,1863,10,16,1863,10,18,1,1,,,,,,,16,,,,,,,,,,,,
Battle of Fort Buchanan,Fort Buchanan,AZ,31.6575,-110.706944,1865,2,17,1865,2,17,2,3,10,,75,1,,1,2,,,,,,,2,2,,,,
Battle of Fort Davidson,Iron County,MO,37.6194,-90.6415,1864,9,27,1864,9,27,1,1,1500,12000,,,,,184,,,,1500,,,,,,,,
Battle of Fort De Russy,Fort DeRussy,LA,31.1838,-92.05436,1864,3,14,1864,3,14,1,1,10000,350,,,2,48,50,5,317,2,324,,,,,,,,
Battle of Fort Donelson,Fort Donelson,TN,36.49381,-87.85601,1862,2,11,1862,2,16,1,1,24531,16171,,1976,208,507,2691,1127,12392,327,13846,,,,,,,,
Battle of Fort Henry,Stewart County,TN,36.5186,-88.0391,1862,2,6,1862,2,6,1,1,15000,3000-3400,,,,,40,,,,79,,,,,,,,
Battle of Fort McAllister,Bryan County,GA,31.8888,-81.1941,1864,12,13,1864,12,13,1,1,4000,120,,,,,134,,,,71,,,,,,,,
Battle of Fort Myers,Lee County,FL,26.631667,-81.857222,1865,2,20,1865,2,20,1,1,300,250,,3,,1,4,1,,,1,,,,,,,,
Battle of Fort Pillow,Lauderdale County,TN,35.6324,-89.8487,1864,4,12,1864,4,12,1,2,600,2500,,,,182,182,86,,14,100,,,,,,,,
Battle of Fort Pulaski,Chatham County,GA,32.02729,-80.89096,1862,4,10,1862,4,11,1,1,,,,,,1,1,,363,,363,,,,,,,,
Battle of Fort Ridgely,Nicollet County,MN,44.4511,-94.7308,1862,8,20,1862,8,22,2,1,210,,800-1000,14,,4,18,,,,,5,,2,7,,,,
Battle of Fort Sanders,Knox County,TN,35.9589,-83.9338,1863,11,29,1863,11,29,1,1,440,3000,,5,,8,13,458,226,129,813,,,,,,,,
Battle of Fort Smith,Fort Smith,AR,35.368611,-94.398611,1864,7,31,1864,7,31,1,1,7800,5200,,6,11,4,21,4,,2,6,,,,,,,,
Battle of Fort Stedman,Petersburg,VA,37.226,-77.371,1865,3,25,1865,3,25,1,1,14898,10000,,450,522,72,1044,2400,1000,600,4000,,,,,,,,
Battle of Fort Stevens,Washington,D.C.,38.9641,-77.0288,1864,7,11,1864,7,12,1,1,9600,10000,,,,,373,,,,400-500,,,,,,,,
Battle of Fort Sumter,Charleston,SC,32.75241,-79.87496,1861,4,12,1861,4,14,1,2,85,500,,,,,0,,,,0,,,,,,,,
Battle of Forts Jackson and St. Philip,Plaquemines Parish,LA,29.3573,-89.4594,1862,4,18,1862,4,28,1,1,,,,,,,229,,,,782,,,,,,,,
Battle of Franklin,Franklin,TN,35.9174,-86.8733,1864,11,30,1864,11,30,1,1,27000,27000,,1033,1104,189,2326,3800,702,1750,6252,,,,,,,,
Battle of Franklin (1863),Franklin,TN,35.914,-86.864,1863,4,10,1863,4,10,1,1,Army of Kentucky,1st Cavalry Corps Army of Tennessee,,,,,100,,,,137,,,,,,,,
Battle of Fredericksburg,Spotsylvania County and Fredericksburg,VA,38.2995,-77.4705,1862,12,11,1862,12,15,1,2,122009,78513,,9600,1769,1284,12653,3743,,408,4201,,,,,,,,
Battle of Fredericktown,Madison County,MO,37.5434,-90.2969,1861,10,17,1861,10,21,1,1,2500-3500,,,,,,,40,80,25,145,,,,,,,,
Battle of Front Royal,Warren County,VA,38.936,-78.1923,1862,5,23,1862,5,23,1,2,1063,3000,,,691,83,773,,,,36,,,,,,,,
Battle of Gaines's Mill,Hanover County,VA,37.579,-77.2872,1862,6,27,1862,6,27,1,2,34214,57018,,3107,2836,894,6837,6402,108,1483,7993,,,,,,,,
Battle of Gainesville,Gainesville,FL,29.651994,-82.325067,1864,8,17,1864,8,17,1,2,342,290,,,86,28,114,5,,3,8,,,,,,,,
Battle of Galveston,Galveston,TX,29.339536,-94.767036,1863,1,1,1863,1,1,1,2,6 gunboats,2 gunboats,,,400,,400,117,,26,143,,,,,,,,
Battle of Galveston Harbor,Galveston,TX,29.3397,-94.774,1862,10,4,1862,10,4,1,1,revenue cutter 1 gunboat 1 mortar boat,fort 1 shore battery,,,,,0,,,,0,,,,,,,,
Battle of Garnett's & Golding's Farm,Henrico County,VA,37.5532,-77.3145,1862,6,27,1862,6,28,1,4,2600,5200,,,,,189,,,,438,,,,,,,,
Battle of Georgia Landing,Lafourche Parish,LA,29.8604,-90.9811,1862,10,27,1862,10,27,1,1,4000,1392,,,,,86,,,,229,,,,,,,,
Battle of Gettysburg,Gettysburg,PA,39.811,-77.225,1863,7,1,1863,7,3,1,1,93921,71699,,14529,5365,3155,23049,12693,5830,4708,23231,,,,,,,,
Battle of Glasgow,Glasgow,MO,39.226,-92.846,1864,10,15,1864,10,15,1,2,800,1800,,,,,50-400,,,,50,,,,,,,,
Battle of Glendale,Henrico County,VA,37.43791,-77.23812,1862,6,30,1862,6,30,1,4,40000,45000,,1696,1804,297,3797,2814,221,638,3673,,,,,,,,
Battle of Globe Tavern,Petersburg,VA,37.1747,-77.4203,1864,8,18,1864,8,21,1,1,20000,15000,,1148,2897,251,4296,990,419,211,1620,,,,,,,,
Battle of Glorieta Pass,Santa Fe County,NM,35.572183,-105.753908,1862,3,26,1862,3,28,1,1,1300,1100,,78,3,51,147,80,92,50,222,,,,,,,,
Battle of Gloucester Point,Gloucester Point,VA,37.27,-76.498611,1861,5,7,1861,5,7,1,4,1 gunboat,60-70,,,,,0,,,,0,,,,,,,,
Battle of Goldsborough Bridge,Wayne County,NC,35.3396,-78.0288,1862,12,17,1862,12,17,1,1,,,,,,,,,,,,,,,,,,,220
Battle of Goodrich's Landing,East Carroll Parish,LA,32.7432,-91.1791,1863,6,29,1863,6,30,1,4,,,,,,,120,,,,,,,,,,,,
Battle of Grand Gulf,Grand Gulf,MS,32.029167,-91.056111,1863,4,29,1863,4,29,1,2,7 ironclad warships 7 Companies,,,57,,18,75,19,,3,22,,,,,,,,
Battle of Greenbrier River,Pocahontas County,WV,38.534167,-79.767778,1861,10,3,1861,10,3,1,4,5000,1800,,35,,8,43,33,,6,39,,,,,,,,
Battle of Grimball's Landing,James Island,SC,32.698,-79.983,1863,7,16,1863,7,16,1,4,3800,3000,,,14,30,44,12,3,3,18,,,,,,,,
Battle of Griswoldville,Griswoldville,GA,32.866756,-83.469486,1864,11,22,1864,11,22,1,1,1500,4500,,79,2,13,94,472,600,51,1123,,,,,,,,
Battle of Guard Hill,Warren County,VA,38.953056,-78.200139,1864,8,16,1864,8,16,1,4,Brigades,Brigades,,,,,71,,,,480,,,,,,,,
Battle of Hampton Roads,Norfolk,VA,36.983333,-76.319722,1862,3,8,1862,3,9,1,4,1 ironclad 5 wooden frigates,1 ironclad 2 wooden warships 1 gunboat 2 tenders,,108,,261,369,17,,78,95,,,,,,,,
Battle of Hancock,Washington County,MD,39.6957,-78.177,1862,1,5,1862,1,5,1,4,,,,,,,,,,,,,,,,,,,25
Battle of Hanover,Hanover,PA,39.80099,-76.98247,1863,6,30,1863,6,30,1,4,5000,6000,,,,,215,,,,117,,,,,,,,
Battle of Hanover Court House,Hanover County,VA,37.7222,-77.3763,1862,5,27,1862,5,27,1,1,12000,4000,,,,,355-397,,,,930,,,,,,,,
Battle of Harpers Ferry,Jefferson County,WV,39.3228,-77.7302,1862,9,12,1862,9,15,1,2,14000,21000-26000,,173,12419,44,12636,247,,39,286,,,,,,,,
Battle of Hartsville,Hartsville,TN,36.3777,-86.1743,1862,12,7,1862,12,7,1,2,2400,1300,,,,,2096,,,,139,,,,,,,,
Battle of Hartville,Wright County,MO,37.2511,-92.5111,1863,1,9,1863,1,11,1,4,750,,,64,7,7,78,96,3,12,111,,,,,,,,
Battle of Hatcher's Run,Dinwiddie County,VA,37.1305,-77.4853,1865,2,5,1865,2,7,1,1,34517,13835,,1181,187,171,1539,,,,1161,,,,,,,,
Battle of Hatchie Bridge,Hardeman County,TN,35.030833,-88.795556,1862,10,5,1862,10,5,1,1,,,,,,,500,,,,400,,,,,,,,
Battle of Hatteras Inlet Batteries,near Cape Hatteras,NC,35.1864,-75.7645,1861,8,28,1861,8,29,1,1,935,900,,2,,1,3,20,691,4,715,,,,,,,,
Battle of Haw's Shop,Hanover County,VA,37.676,-77.3118,1864,5,28,1864,5,28,1,4,4000,4500,,,,,365,,,,378,,,,,,,,
Battle of Helena,Helena-West,AR,34.518056,-90.589444,1863,7,4,1863,7,4,1,1,4129,7646,,146,36,57,239,659,786,169,1614,,,,,,,,
Battle of High Bridge,Prince Edward County,VA,37.3122,-78.3177,1865,4,6,1865,4,7,1,4,880,1200,,,800,,847,,,,100,,,,,,,,
Battle of Hill's Point,Suffolk,VA,36.7149,-76.5829,1863,4,11,1863,5,4,1,4,22500,22500,,11,,6,17,11,130,1,143,,,,,,,,
Battle of Hoke's Run,Berkeley County,WV,39.545,-77.9063,1861,7,2,1861,7,2,1,1,8000,4000,,,,,23,,,,91,,,,,,,,
Battle of Honey Hill,Jasper County,SC,32.486,-80.9343,1864,11,30,1864,11,30,1,2,5000,1400,,629,28,89,746,39,,8,47,,,,,,,,
Battle of Honey Springs,Muskogee County,OK,35.55618,-95.4699,1863,7,17,1863,7,17,1,1,3000,6000,,,,,79-200,,,,180-500,,,,,,,,
Battle of Hoover's Gap,Bedford County,TN,35.6305,-86.2454,1863,6,24,1863,6,26,1,1,,,,,,,583,,,,,,,,,,,,
Battle of Hunterstown,Beaverdam Creek,PA,39.88255,-77.161783,1863,7,2,1863,7,2,1,2,,,,,,,,,,,,,,,,,,,
Battle of Irish Bend,St. Mary Parish,LA,29.8116,-91.4615,1863,4,14,1863,4,14,1,1,,,,,,,353,,,,,,,,,,,,
Battle of Island No. 10,New Madrid,MO,36.4588,-89.4708,1862,2,28,1862,4,8,1,1,6 gunboats 11 mortar rafts,7000,,50,5,23,78,,,30,30,,,,,,,,
Battle of Iuka,Tishomingo County,MS,34.7936,-88.2101,1862,9,19,1862,9,19,1,1,4500,3179,,598,40,144,790,692,561,263,1516,,,,,,,,
Battle of Ivy Mountain,Floyd County,KY,37.5956,-82.6733,1861,11,8,1861,11,8,1,1,3600,400,,24,,6,30,15,50,10,75,,,,,,,,
Battle of Jackson,Hinds County,MS,32.324,-90.236,1863,5,14,1863,5,14,1,1,,,,,,,286,,,,850,,,,,,,,
"Battle of Jackson, Tennessee",Jackson,TN,35.632,-88.7635,1862,12,19,1862,12,19,1,2,,400,,,,,6,,,,,,,,,,,,
Battle of Jenkins' Ferry,Jenkins' Ferry,AR,34.211889,-92.548,1864,4,30,1864,4,30,1,1,12000,10000,,,,,700,,,,1000,,,,,,,,
Battle of Jerusalem Plank Road,Petersburg,VA,37.1844,-77.3767,1864,6,21,1864,6,23,1,4,27000,8000,,,1742,650,2392,,,,572,,,,,,,,
Battle of Johnsonville,Benton County,TN,36.0708,-87.9757,1864,11,4,1864,11,5,1,2,4000 3 gunboats,,,,150,,150,9,,2,11,,,,,,,,
Battle of Jonesborough,Clayton County,GA,33.5307,-84.3621,1864,8,31,1864,9,1,1,1,70000,24000,,,,,1149,,,,2000-2700,,,,,,,,
Battle of Kelly's Ford,Culpeper County,VA,38.476921,-77.77988,1863,3,17,1863,3,17,1,4,2100,800,,50,22,6,78,88,34,11,133,,,,,,,,
Battle of Kennesaw Mountain,Cobb County,GA,33.9363,-84.5979,1864,6,27,1864,6,27,1,2,16225,17733,,,,,3000,,,,1000,,,,,,,,
Battle of Kessler's Cross Lanes,Nicholas County,WV,38.235,-80.935,1861,8,26,1861,8,26,1,2,1000,2000,,20,38,15,73,,,,40,,,,,,,,
Battle of Killdeer Mountain,Dunn County,ND,47.4252,-102.9184,1864,7,28,1864,7,29,2,1,2200,,1600,10,,5,15,,,,,,,31-150,31-150,,,,
Battle of Kinston,Lenoir County,NC,35.2441,-77.5847,1862,12,14,1862,12,14,1,1,10000,4000,,,,,260,,,,525,,,,,,,,
Battle of Kirksville,Adair County,MO,40.19,-92.6,1862,8,6,1862,8,6,1,1,1000,2500,,,,,88,,,,368,,,,,,,,
Battle of Kock's Plantation,Ascension Parish,LA,30.0865,-91.0295,1863,7,12,1863,7,13,1,2,16000,5200,,,,,430,,,,33,,,,,,,,
Battle of Kolb's Farm,Cobb County,GA,33.91037,-84.59714,1864,6,22,1864,6,22,1,1,15000,14000,,,,,350,,,,1500,,,,,,,,
Battle of LaFourche Crossing,Lafourche Parish,LA,29.7668,-90.7646,1863,6,20,1863,6,21,1,1,838,1 Cavalry Brigade,,,,,48,,,,219,,,,,,,,
Battle of Lake Providence,Lake Providence,LA,32.809844,-91.193392,1863,6,9,1863,6,9,1,1,1st Brigade 6th Division XVII Corps,900,,1,,,1,5,,2,7,,,,,,,,
Battle of Laredo,Laredo,TX,27.524444,-99.490556,1864,3,18,1864,3,18,1,2,200,42,,,,,2,,,,0,,,,,,,,
Battle of Lewis's Farm,Dinwiddie County,VA,37.128333,-77.527778,1865,3,29,1865,3,29,1,1,17000,8000,,,,,381,,,,371,,,,,,,,
Battle of Liberty,Clay County,MO,39.1931,-94.3842,1861,9,17,1861,9,17,1,2,600,3500,,,,,56,,,,70,,,,,,,,
Battle of Little Blue River,Jackson County,MO,39.1369,-94.3139,1864,10,21,1864,10,21,1,2,2000,8500,,,,,,,,,,,,,,,,,
Battle of Lone Jack,Jackson County,MO,38.870556,-94.188056,1862,8,15,1862,8,16,1,2,800,1500â€“3000,,,,,160,,,,118,,,,,,,,
Battle of Lovejoy's Station,Clayton County,GA,33.4441,-84.3084,1864,8,20,1864,8,20,1,2,1 Cavalry Division,1 Cavalry Division,,,,,237,,,,240,,,,,,,,
Battle of Lynchburg,Lynchburg,VA,37.3845,-79.1832,1864,6,17,1864,6,18,1,2,16643,14000,,,,,75,,,,6,,,,,,,,
Battle of Malvern Hill,Henrico County,VA,37.4124,-77.2509,1862,7,1,1862,7,1,1,1,54000,55000,,,,,3000,,,,5650,,,,,,,,
Battle of Manassas Gap,Warren County,VA,38.914,-78.114,1863,7,23,1863,7,23,1,4,Divisions,Divisions,,,,,,,,,,,,,,,,,440
Battle of Mansfield,De Soto Parish,LA,32.0121,-93.6652,1864,4,8,1864,4,8,1,1,12000,14000,,,1423,694,2117,,,1000,1000,,,,,,,,
Battle of Mansura,Mansura,LA,31.055,-92.047778,1864,5,16,1864,5,16,1,1,,,,,,,,,,,,,,,,,,,
Battle of Marianna,Marianna,FL,30.776389,-85.238056,1864,9,27,1864,9,27,1,1,700,300-400,,19,10,8,37,16,41,10,67,,,,,,,,
Battle of Marietta,Cobb County,GA,33.9531,-84.5499,1864,6,9,1864,7,3,1,1,,,,,,,,,,,,,,,,,,,
Battle of Marion,Smyth County,VA,36.852,-81.4873,1864,12,17,1864,12,18,1,1,4200-5500,1200-1500,,55,,89,144,29,,91,120,,,,,,,,
Battle of Marks' Mills,Marks' Mills,AR,33.781028,-92.256917,1864,4,25,1864,4,25,1,2,1800,8000,,,,,1500,,,,293,,,,,,,,
Battle of Marmiton River,Vernon County,MO,37.8717,-94.6153,1864,10,25,1864,10,25,1,1,5200,8000,,,,,,,,,,,,,,,,,
Battle of Mathias Point,Mathias Point,VA,38.400278,-77.041944,1861,6,27,1861,6,27,1,2,50,500,,4,,1,5,,,,0,,,,,,,,
Battle of McDowell,Highland County,VA,38.3247,-79.4754,1862,5,8,1862,5,8,1,2,6500,6000,,220,5,34,259,300,4,116,420,,,,,,,,
Battle of Middle Boggy,Allen,OK,34.319976,-96.30814,1864,2,13,1864,2,13,1,1,350,90,,,,,0,,,49,49,,,,,,,,
Battle of Middle Creek,Floyd County,KY,37.6507,-82.8147,1862,1,10,1862,1,10,1,1,2100,2500,,,,,27,,,,65,,,,,,,,
Battle of Middleburg,Loudoun County,VA,38.96785,-77.75973,1863,6,17,1863,6,19,1,4,Divisions,Divisions,,,,,349,,,,40,,,,,,,,
Battle of Mill Springs,Pulaski County,KY,37.0562,-84.7383,1862,1,19,1862,1,19,1,1,4400,5900,,207,,39,246,404,,125,529,,,,,,,,
Battle of Milliken's Bend,Madison Parish,LA,32.44,-91.1,1863,6,7,1863,6,7,1,1,,,,,,,652,,,,185,,,,,,,,
Battle of Mine Creek,Linn County,KS,38.141037,-94.72463,1864,10,25,1864,10,25,1,1,2600,7000,,,,,100,,,,1200,,,,,,,,
Battle of Mine Run,Orange County,VA,38.3379,-77.8187,1863,11,27,1863,12,2,1,4,81000,48000,,,,,1272,,,,680,,,,,,,,
Battle of Mobile Bay,Mobile Bay,AL,30.240976,-88.053017,1864,8,2,1864,8,23,1,1,5500,1500,,177,,151,328,22,1587,13,1622,,,,,,,,
Battle of Monett's Ferry,Natchitoches Parish,LA,31.498,-92.857,1864,4,23,1864,4,23,1,1,,,,,,,200,,,,400,,,,,,,,
Battle of Monocacy,Frederick County,MD,39.3711,-77.392,1864,7,9,1864,7,9,1,1,5800,14000,,,,,1294,,,,900,,,,,,,,
Battle of Monroe's Crossroads,Hoke County,NC,35.1259,-79.2032,1865,3,10,1865,3,10,1,4,1850,3000,,,,,183,,,,86,,,,,,,,
Battle of Moorefield,Hardy County,WV,39.0941,-78.9645,1864,8,7,1864,8,7,1,1,1760,3000,,,,,42,,,,488,,,,,,,,
Battle of Morrisville,Morrisville,NC,35.8275,-78.828889,1865,4,13,1865,4,15,1,1,,,,,,,,,,,,,,,,,,,
Battle of Morton's Ford,Orange County,VA,38.3746,-77.904,1864,2,6,1864,2,7,1,4,1 Corps,1 Corps,,,,,262,,,,60,,,,,,,,
Battle of Mossy Creek,Jefferson County,TN,36.1444,-83.4423,1863,12,29,1863,12,29,1,1,,2000,,,,,151,,,,,,,,,,,,
Battle of Mount Zion Church,Boone County,MO,39.06917,-92.17917,1861,12,28,1861,12,28,1,1,440,900,,63,4,3,70,150,60,25,235,,,,,,,,
Battle of Munfordville,Hart County,KY,37.2622,-85.8901,1862,9,14,1862,9,17,1,2,,,,,,,4148,,,,714,,,,,,,,
Battle of Namozine Church,Amelia County,VA,37.248889,-77.725556,1865,4,3,1865,4,3,1,4,1000,700,,,,,95,15,350,,365+,,,,,,,,
Battle of Nashville,Davidson County,TN,36.0881,-86.8098,1864,12,15,1864,12,16,1,1,55000,30000,,2558,112,387,3061,,4500,1500,6000,,,,,,,,
Battle of Natural Bridge,Leon County,FL,30.283889,-84.151944,1865,3,6,1865,3,6,1,2,700,1000,,89,38,21,148,23,,3,26,,,,,,,,
Battle of New Bern,Craven County,NC,35.0428,-77.0148,1862,3,14,1862,3,14,1,1,13000,6000,,380,1,90,471,101,413,64,578,,,,,,,,
Battle of New Hope Church,Paulding County,GA,33.961,-84.7875,1864,5,25,1864,5,26,1,2,,,,,,,1665,,,,450,,,,,,,,
Battle of New Market,Shenandoah County,VA,38.65515,-78.67825,1864,5,15,1864,5,15,1,2,6275,4087,,,,,841,,,,531,,,,,,,,
Battle of Newtonia,Newtonia,MO,36.8836,-94.1845,1862,9,30,1862,9,30,1,2,1500,2600,,,,,245,,,,100,,,,,,,,
Battle of Norfleet House,Suffolk,VA,36.75968,-76.5671,1863,4,14,1863,4,15,1,4,17000,20000,,,,,,,,,,,,,,,,,
Battle of North Anna,Caroline County,VA,37.8862,-77.4943,1864,5,23,1864,5,26,1,4,100000,53000,,2734,661,591,3986,704,724,124,1552,,,,,,,,
Battle of Oak Grove,Henrico County,VA,37.5154,-77.3292,1862,6,25,1862,6,25,1,4,7800,8000,,503,55,68,626,362,13,66,441,,,,,,,,
Battle of Okolona,Chickasaw County,MS,34.0021,-88.7556,1864,2,22,1864,2,22,1,2,7000,2500,,,,,388,,,,144,,,,,,,,
Battle of Old Church,Hanover County,VA,37.6444,-77.2209,1864,5,30,1864,5,30,1,1,8000,2000,,,,,90,,,,188,,,,,,,,
Battle of Old Fort Wayne,Delaware County,OK,36.368,-94.6478,1862,10,22,1862,10,22,1,1,8000,2600,,,,,14,,,,150,,,,,,,,
Battle of Old River Lake,Chicot County,AR,33.268547,-91.192703,1864,6,5,1864,6,6,1,1,6000,800,,,,,180,,,,100,,,,,,,,
Battle of Olustee,Baker County,FL,30.214233,-82.388589,1864,2,20,1864,2,20,1,2,5500,5000,,1152,506,203,1861,847,6,93,946,,,,,,,,
Battle of Paducah,McCracken County,KY,37.0931,-88.6058,1864,3,25,1864,3,25,1,2,650,3000,,,,,90,,,,50,,,,,,,,
Battle of Palmito Ranch,Cameron County,TX,25.94667,-97.28528,1865,5,12,1865,5,13,1,2,500,300,,12,101,4,117,6,3,,9,,,,,,,,
Battle of Parker's Cross Roads,Henderson County,TN,35.793,-88.393,1862,12,31,1862,12,31,1,2,3000,1800,,,,,237,,,,500,,,,,,,,
Battle of Pea Ridge,Near Leetown,AR,36.442583,-94.025972,1862,3,6,1862,3,8,1,1,10500,16500,,,,,1384,,,,2000,,,,,,,,
Battle of Peachtree Creek,Fulton County,GA,33.8109,-84.4038,1864,7,20,1864,7,20,1,1,21655,20250,,,,,1900,,,,2500,,,,,,,,
Battle of Peebles's Farm,Dinwiddie County,VA,37.1705,-77.4537,1864,9,30,1864,10,2,1,1,29800,10000,,,,,2889,,,,1239,,,,,,,,
Battle of Peralta,Peralta,NM,34.826389,-106.688889,1862,4,14,1862,4,14,1,1,,,,3,,1,4,3,22,4-6,29-31,,,,,,,,
Battle of Perryville,Boyle County,KY,37.675278,-84.971111,1862,10,8,1862,10,8,1,1,55000,16000,,2851,515,845,4241,2635,251,510,3396,,,,,,,,
Battle of Philippi,Barbour County,WV,39.15316,-80.04278,1861,6,3,1861,6,3,1,1,3000,800,,,,,4,,,,26,,,,,,,,
Battle of Picacho Pass,Picacho Peak,AZ,32.631111,-111.415556,1862,4,15,1862,4,15,1,1,13,10,,3,,3,6,2,3,,5,,,,,,,,
Battle of Pickett's Mill,Paulding County,GA,33.975,-84.759,1864,5,27,1864,5,27,1,2,14000,5200,,,,,1600,,,,500,,,,,,,,
Battle of Piedmont,Augusta County,VA,38.2142,-78.8994,1864,6,5,1864,6,5,1,1,8500,5500,,,,,875,,1000,,1500,,,,,,,,
Battle of Pig Point,Pig Point,VA,36.916667,-76.435,1861,6,5,1861,6,5,1,1,gunboat crew,shore battery garrison,,5,,,5,,,,0,,,,,,,,
Battle of Pine Bluff,Pine Bluff,AR,34.229408,-92.003281,1863,10,25,1863,10,25,1,1,1500,2000,,,,,56,,,,40,,,,,,,,
Battle of Plains Store,East Baton Rouge Parish,LA,30.69,-91.206,1863,5,21,1863,5,21,1,1,10600,600,,,,,150,,,,100,,,,,,,,
Battle of Pleasant Hill,Desoto Parish and Sabine Parish,LA,31.851,-93.51,1864,4,9,1864,4,9,1,1,12000,12100,,844,375,150,1369,,426,1200,1626,,,,,,,,
Battle of Plymouth,Washington County,NC,35.86648,-76.7519,1864,4,17,1864,4,20,1,2,2500,4500,,,,,2000,,,,800,,,,,,,,
Battle of Poison Spring,Poison Springs Battleground State Park,AR,33.638806,-93.004333,1864,4,18,1864,4,18,1,2,1115,1800,,184,,117,301,218,,34,252,,,,,,,,
Battle of Port Gibson,Claiborne County,MS,31.9557,-91.0228,1863,5,1,1863,5,1,1,1,2 corps,10400,,,,,861,,,,787,,,,,,,,
Battle of Port Republic,Rockingham County,VA,38.3002,-78.7933,1862,6,9,1862,6,9,1,2,3500,6000,,,,,1002,,,,816,,,,,,,,
Battle of Port Royal,Port Royal Sound,SC,32.25,-80.66,1861,11,3,1861,11,7,1,1,12653,3077,,23,,8,31,48,4,11,63,,,,,,,,
Battle of Port Walthall Junction,Chesterfield County,VA,37.3116,-77.4028,1864,5,6,1864,5,7,1,1,8000,2600,,,,,,,,,,,,,,,,,550
Battle of Portland Harbor,Portland,ME,43.663153,-70.221004,1863,6,27,1863,6,27,1,1,1 revenue cutter 2 sidewheel steamers,1 schooner,,,,,0,,25,,25,,,,,,,,
Battle of Prairie D' Ane,south of Prescott,AR,33.7765,-93.36656,1864,4,9,1864,4,13,1,1,13000,7000,,,,,100,,,,50,,,,,,,,
Battle of Prairie Grove,Washington County,AR,35.993056,-94.307778,1862,12,7,1862,12,7,1,1,9216,11059,,,,,1251,,,,1317,,,,,,,,
Battle of Princeton Court House,Mercer County,WV,37.3657,-81.1017,1862,5,15,1862,5,17,1,2,,,,69,21,23,113,12,,4,16,,,,,,,,
Battle of Proctor's Creek,Chesterfield County,VA,37.3935,-77.4277,1864,5,12,1864,5,16,1,2,30000,18000,,,,,,,,,,,,,,,,,6600
Battle of Raymond,Hinds County,MS,32.2453,-90.4333,1863,5,12,1863,5,12,1,1,12000,4400,,341,37,68,446,305,415,100,820,,,,,,,,
Battle of Resaca,Gordon County,GA,34.5815,-84.9385,1864,5,13,1864,5,15,1,4,98787,60000,,,,,4000-5000,,,,2800,,,,,,,,
Battle of Rice's Station,Prince Edward County,VA,37.2691,-78.2947,1865,4,6,1865,4,6,1,1,7500,6800,,,,,66,,,,,,,,,,,,
Battle of Rich Mountain,Randolph County,WV,38.866111,-79.933889,1861,7,11,1861,7,11,1,1,7000,1300,,,,,46,,,,300,,,,,,,,
Battle of Richmond,Madison County,KY,37.6848,-84.2594,1862,8,29,1862,8,30,1,2,6850,6500,,844,4303,206,5353,372,1,78,451,,,,,,,,
Battle of Ringgold Gap,Catoosa County,GA,34.9112,-85.1015,1863,11,27,1863,11,27,1,2,16000,4200,,,,,509,201,,20,221,,,,,,,,
Battle of Rivers' Bridge,Bamberg County,SC,33.052778,-81.099722,1865,2,3,1865,2,3,1,1,5000,1200,,106,,18,124,44,45,8,97,,,,,,,,
Battle of Roan's Tan Yard,Randolph County,MO,39.3246,-92.5584,1862,1,8,1862,1,8,1,1,450,800,,19,,6,25,80,28,40,148,,,,,,,,
Battle of Roanoke Island,Roanoke Island and Croatan Sound,NC,35.8783,-75.6678,1862,2,7,1862,2,8,1,1,10000,3000,,214,13,37,264,58,2500,23,2581,,,,,,,,
Battle of Rocky Face Ridge,Whitfield County,GA,34.74105,-85.01568,1864,5,7,1864,5,13,1,1,,,,,,,837,,,,600,,,,,,,,
Battle of Round Mountain,Keystone,OK,36.13,-96.286944,1861,11,19,1861,11,19,3,2,,1400,,,,,,4,1,6,11,,,,110,,,,
Battle of Rowlett's Station,Hart County,KY,37.2498,-85.8935,1861,12,17,1861,12,17,1,4,500,1350,,,,,40,,,,91,,,,,,,,
Battle of Rutherford's Farm,Frederick County,VA,39.219333,-78.133333,1864,7,20,1864,7,20,1,1,2350,3300,,184,,36,220,,,200,450,,,,,,,,
Battle of Sailor's Creek,Amelia County,VA,37.30551,-78.22797,1865,4,6,1865,4,6,1,1,26000,18500,,,,,1148,,7700,,7700+,,,,,,,,
Battle of Saint Charles,Arkansas County,AR,34.3715467,-91.126083,1862,6,17,1862,6,17,1,1,8 Union ships,Several Confederate batteries,,,,,177,,,,26,,,,,,,,
Battle of Saint John's Bluff,Duval County,FL,30.3852,-81.4998,1862,10,1,1862,10,3,1,1,1573,100,,,,,0,,,,0,,,,,,,,
Battle of Saint Mary's Church (Samaria Church),Charles City,VA,37.4322,-77.1506,1864,6,24,1864,6,24,1,4,2147,4000,,,,,350,,,,250,,,,,,,,
Battle of Salem Church,Spotsylvania County,VA,38.288861,-77.530944,1863,5,3,1863,5,4,1,2,23000,10000,,,,,4611,,,,4935,,,,,,,,
Battle of Salineville,Carroll County,OH,40.620556,-80.901667,1863,7,26,1863,7,26,1,1,2600,800,,,,,0,,,,364,,,,,,,,
Battle of Salyersville,Salyersville,KY,37.744722,-83.080833,1864,4,13,1864,4,14,1,1,3200,1000,,,,,,,50,24,74,,,,,,,,
Battle of Santa Rosa Island,Santa Rosa Island,FL,30.3242,-87.2817,1861,10,9,1861,10,9,1,1,600,1200,,29,24,14,67,,,30-40,87,,,,,,,,
Battle of Sappony Church,Sussex County,VA,36.945889,-77.453056,1864,6,28,1864,6,28,1,2,4000,5000,,,,,,,,,,,,,,,,,
Battle of Savage's Station,Henrico County,VA,37.52219,-77.27097,1862,6,29,1862,6,29,1,4,26600,14000,,,,,1038,,,,473,,,,,,,,
Battle of Secessionville,Charleston,SC,32.703889,-79.948056,1862,6,16,1862,6,16,1,2,6600,2000,,,,,685,,,,204,,,,,,,,
Battle of Selma,Selma,AL,32.424,-87.0237,1865,4,2,1865,4,2,1,1,9000,4000,,,,,359,,,,2700,,,,,,,,
Battle of Seven Pines,Henrico County,VA,37.5209,-77.3042,1862,5,31,1862,6,1,1,4,34000,39000,,3594,647,790,5031,4749,405,980,6134,,,,,,,,
Battle of Sewell's Point,Norfolk,VA,36.954722,-76.326667,1861,5,18,1861,5,19,1,4,2 gunboats,1 battery,,,,,,,,,,,,,,,,,10
Battle of Shepherdstown,Jefferson County,WV,39.4279,-77.7786,1862,9,19,1862,9,20,1,2,16000,16000,,163,132,73,368,267,6,36,309,,,,,,,,
Battle of Shiloh,Hardin County,TN,35.15068,-88.32183,1862,4,6,1862,4,7,1,1,66812,44699,,8408,2885,1754,13047,8012,959,1728,10699,,,,,,,,
Battle of Simmon's Bluff,Meggett,SC,32.695278,-80.228056,1862,6,21,1862,6,21,1,1,800,800,,,,,0,,,,0,,,,,,,,
Battle of Smithfield Crossing,Jefferson County,WV,39.308,-77.9824,1864,8,25,1864,8,29,1,4,Divisions,Divisions,,,,,,,,,,,,,,,,,300
Battle of Snyder's Bluff,Warren County,MS,32.4964,-90.8,1863,4,29,1863,5,1,1,2,8000,2600,,,,,,,,,,,,,,,,,
Battle of South Mills,Camden County,NC,36.4304,-76.3033,1862,4,19,1862,4,19,1,1,3000,1000,,,,,114,,,,25,,,,,,,,
Battle of South Mountain,Frederick County,MD,39.48501,-77.62161,1862,9,14,1862,9,14,1,1,28000,18000,,1807,75,443,2325,1560,800,325,2685,,,,,,,,
Battle of Spanish Fort,Baldwin County,AL,30.684278,-87.916375,1865,3,27,1865,4,8,1,1,30000,2500,,,,,657,,,,744,,,,,,,,
Battle of Spotsylvania Court House,Spotsylvania County,VA,38.2242,-77.5981,1864,5,8,1864,5,21,1,1,100000-110000,50000-63000,,13416,2258,2725,18399,5414,5758,1515,12687,,,,,,,,
Battle of Spring Hill,Maury County,TN,35.7374,-86.9323,1864,11,29,1864,11,29,1,1,7000,12000,,,,,350,,,,500,,,,,,,,
Battle of Springfield II,Springfield,MO,37.195,-93.3021,1863,1,8,1863,1,8,1,1,2099,1870,,195,6,30,231,,,,290,,,,,,,,
Battle of Stanwix Station,Yuma County,AZ,32.93352,-113.39255,1862,3,30,1862,3,30,1,1,272,10,,1,,,1,,,,0,,,,,,,,
Battle of Staunton River Bridge,Halifax County,VA,36.8857,-78.7044,1864,6,25,1864,6,25,1,2,5000,4100,,44,30,42,116,24,,10,34,,,,,,,,
Battle of Stirling's Plantation,Pointe Coupee Parish,LA,30.6834,-91.6596,1863,9,29,1863,9,29,1,2,650,3000,,45,454,16,515,85,10,26,121,,,,,,,,
Battle of Stones River,Murfreesboro,TN,35.88,-86.435,1862,12,31,1863,1,2,1,1,43400,35000,,7543,3686,1677,12906,7945,,1294,11739,,,,,,,,
Battle of Stony Lake,Burleigh County,ND,46.8514,-100.1843,1863,7,28,1863,7,28,2,1,2056,,1600-2500,,,2,2,,,,,,,,3,,,,
Battle of Sulpher Creek Trestle,Limestone County,AL,34.90936,-86.98814,1864,9,23,1864,9,25,1,2,2350,4500,,,,,2350,,,,139,,,,,,,,
Battle of Summit Point,Summit Point,WV,39.2499,-77.9586,1864,8,21,1864,8,21,1,4,Divisions,Divisions,,,,,,,,,,,,,,,,,1000
Battle of Sutherland's Station,Dinwiddie County,VA,37.1975,-77.5625,1865,4,2,1865,4,2,1,1,1500,3000,,,,,370,,,,600,,,,,,,,
Battle of Swift Creek,Chesterfield County,VA,37.2861,-77.4118,1864,5,9,1864,5,9,1,4,14000,4200,,,,,,,,,,,,,,,,,990
Battle of Tampa,Tampa,FL,27.9415,-82.4559,1862,6,30,1862,7,1,1,2,1 gunboat,1 company,,,,,0,,,,0,,,,,,,,
Battle of Thompson's Station,Williamson County,TN,35.798,-86.9063,1863,3,5,1863,3,5,1,2,1 Reinforced Infantry Brigade,1 Cavalry Corps,,,,,1906,,,,300,,,,,,,,
Battle of Thoroughfare Gap,Fauquier County,VA,38.8243,-77.7148,1862,8,28,1862,8,28,1,2,5000,28000,,,,,,,,,,,,,,,,,100
Battle of Tom's Brook,Shenandoah County,VA,38.9429,-78.4458,1864,10,9,1864,10,9,1,1,6300,3500,,,,,57,,,,350,,,,,,,,
Battle of Totopotomoy Creek,Hanover County,VA,37.634,-77.2987,1864,5,28,1864,5,30,1,4,,,,,52,679,731,961,369,263,1593,,,,,,,,
Battle of Tranter's Creek,Pitt County,NC,35.6186,-77.1431,1862,6,5,1862,6,5,1,1,1100,1000,,,,,,,,,,,,,,,,,40
Battle of Trevilian Station,Louisa County,VA,38.04973,-78.06604,1864,6,11,1864,6,12,1,2,9286,6762,,738,624,150,1512,,,,813,,,,,,,,
Battle of Tupelo,Near Tupelo,MS,34.255278,-88.737222,1864,7,14,1864,7,15,1,1,16000,9100,,533,,69,602,1125,,215,1340,,,,,,,,
Battle of Upperville,Loudoun County,VA,38.9851,-77.8343,1863,6,21,1863,6,21,1,4,2 cavalry division 1 infantry brigade,4 cavalry brigades,,,,,,,,,,,,,,,,,400
Battle of Utoy Creek,Fulton County,GA,33.7209,-84.4704,1864,8,5,1864,8,7,1,4,,,,,,,850,,,,35,,,,,,,,
Battle of Valverde,Valverde,NM,33.692614,-106.914822,1862,2,20,1862,2,21,1,2,3000,2590,,160,204,68,432,150,,36,187,,,,,,,,
Battle of Vaught's Hill,Rutherford County,TN,35.92523,-86.2047,1863,3,20,1863,3,20,1,1,1300,3500,,,,,62,,,,373,,,,,,,,
Battle of Vermillion Bayou,Lafayette Parish,LA,30.1955,-92.0143,1863,4,17,1863,4,17,1,1,,,,,,,,,,,,,,,,,,,
Battle of Walkerton,Walkerton,VA,37.709167,-76.924722,1864,3,2,1864,3,2,1,2,4000,,,,,,,,,,,,,,,,,,
Battle of Ware Bottom Church,Chesterfield County,VA,37.344444,-77.391389,1864,5,20,1864,5,20,1,2,5000,5000,,,,,,,,,,,,,,,,,1500
"Battle of Washington, North Carolina",Beaufort County,NC,35.5443,-77.0601,1863,3,30,1863,4,20,1,4,4800,8000,,,,,40,,,,60,,,,,,,,
Battle of Wauhatchie,Hamilton County,TN,35.002,-85.38,1863,10,28,1863,10,29,1,1,,,,,,,420,,,,408,,,,,,,,
Battle of Waynesboro (Georgia),Waynesboro,GA,33.08972,-82.01583,1864,12,4,1864,12,4,1,1,6000,4000,,,,,190,,,,250,,,,,,,,
Battle of Waynesboro (Virginia),Augusta County,VA,38.0656,-78.8962,1865,3,2,1865,3,2,1,1,2500,1600,,,,,9,,,,1500,,,,,,,,
Battle of West Point,West Point,GA,32.876389,-85.173889,1865,4,16,1865,4,16,1,1,3750,265,,29,,7,36,28,,19,47,,,,,,,,
Battle of Westport,Westport,MO,39.03,-94.594444,1864,10,23,1864,10,23,1,1,22000,8500,,,,,1500,,,,1500,,,,,,,,
Battle of White Hall,Wayne County,NC,35.2272,-77.8464,1862,12,16,1862,12,16,1,4,30000,212,,,,,,,,,,,,,,,,,150
Battle of White Oak Road,Dinwiddie County,VA,37.148444,-77.519667,1865,3,31,1865,3,31,1,1,22000,8000,,,,,1870,,,,800,,,,,,,,
Battle of White Oak Swamp,Henrico County,VA,37.4708,-77.21025,1862,6,30,1862,6,30,1,4,,,,,,,100,12,,3,15,,,,,,,,
Battle of White Stone Hill,Dickey County,ND,46.1697,-98.8557,1863,9,3,1863,9,5,2,1,1200 soldiers,,600-1500,38,,22,60,,,,,,156,200,356,,,,
Battle of Whitney's Lane,White County,AR,35.24607547,-91.67576911,1862,5,19,1862,5,19,1,1,30000,1200,,,,,51,,,,10,,,,,,,,
Battle of Williamsburg,York County,VA,37.2642,-76.6659,1862,5,5,1862,5,5,1,4,40768,31823,,,,,2283,,,,1682,,,,,,,,
Battle of Williamsport,Washington County,MD,39.633333,-77.716667,1863,7,6,1863,7,16,1,4,Divisions,Divisions,,,,,,,,,,,,,,,,,1760
Battle of Wilmington,Wilmington,NC,34.1795,-77.954,1865,2,11,1865,2,22,1,1,12000,6000,,,,,305,,,,845,,,,,,,,
Battle of Wilson's Creek,Greene County,MO,37.101,-93.4078,1861,8,10,1861,8,10,1,2,5430,12120,,873,186,258,1317,945,,277,1232,,,,,,,,
Battle of Wilson's Wharf,Charles City,VA,37.3067,-76.9967,1864,5,24,1864,5,24,1,1,1100,2500,,40,,6,46,,,,200,,,,,,,,
Battle of Wood Lake,Yellow Medicine County,MN,44.701111,-95.435833,1862,9,23,1862,9,23,2,1,1169-2000,,700-1200,34,,7,41,,,,,,,7-15,7-15,,,,
Battle of Wyse Fork,Lenoir County,NC,35.224,-77.5297,1865,3,7,1865,3,10,1,1,12000,8500,,,,,1101,,,,1500,,,,,,,,
Battle of Yellow Bayou,Avoyelles Parish,LA,30.9985,-91.8668,1864,5,18,1864,5,18,1,1,,,,,,,360,,,,500,,,,,,,,
Battle of Yellow Tavern,Hanover County,VA,37.6599,-77.4552,1864,5,11,1864,5,11,1,1,12000,5000,,,,,625,,300,,300,,,,,,,,
Battle of the Boydton Plank Road,Dinwiddie County,VA,37.1431,-77.5116,1864,10,27,1864,10,28,1,4,30000,11691,,,,,1758,,,,1300,,,,,,,,
Battle of the Crater,Petersburg,VA,37.2183,-77.3777,1864,7,30,1864,7,30,1,2,8500,6100,,1881,1413,504,3798,727,403,361,1491,,,,,,,,
Battle of the Head of Passes,Plaquemines Parish,LA,29.157,-89.254,1861,10,12,1861,10,12,1,2,3 sloop-of-war 1 schooner 1 gunboat,1 ironclad 6 gunboats 3 fire ships,,,,,0,,,,0,,,,,,,,
Battle of the Wilderness,Spotsylvania County and Orange County,VA,38.3164,-77.7597,1864,5,5,1864,5,7,1,1,124232,65000,,12037,3383,2246,17666,7866,1690,1477,11033,,,,,,,,
Bear River Massacre,Franklin County,ID,42.146192,-111.914034,1863,1,29,1863,1,29,2,1,200,,300,46,,21,67,,,,,164,,246,410,,,,
Capture of New Orleans,New Orleans and St. Bernard Parish,LA,29.9575,-90.063056,1862,4,25,1862,5,1,1,1,,,,,,,0,,,,0,,,,,,,,
Capture of Tucson,Tucson,AZ,32.221667,-110.926389,1862,5,20,1862,5,20,1,1,2000,10,,,,,0,,,,,,,,,,,,
Chattanooga Campaign,Chattanooga,TN,35.045,-85.309,1863,9,21,1863,11,25,1,1,72533,48948,,4722,349,,5824,,,,8000,,,,,,,,
First Battle of Adobe Walls,Hutchinson County,TX,35.893683,-101.162044,1864,11,25,1864,11,25,2,4,409,,1400,25,,6,31,,,,,,,,60,,,,
First Battle of Auburn,Fauquier County,VA,38.7,-77.7,1863,10,13,1863,10,13,1,4,2000,3000,,,,,,,,,,,,,,,,,50
First Battle of Boonville,Boonville,MO,38.9765,-92.743,1861,6,17,1861,6,17,1,1,1700,1500,,7,,5,12,10,60-80,5,75-95,,,,,,,,
First Battle of Bull Run,Fairfax County,VA,38.8147,-77.5227,1861,7,21,1861,7,21,1,2,35732,34000,,1011,1216,481,2708,1582,13,387,1982,,,,,,,,
First Battle of Charleston Harbor,Charleston,SC,32.7526,-79.8745,1863,4,7,1863,4,7,1,2,2 ironclads 7 Monitors,2 ironclads 385 land-based guns,,21,,1,22,8,,5,13,,,,,,,,
First Battle of Chattanooga,Chattanooga,TN,35.0651,-85.3088,1862,6,7,1862,6,8,1,1,8000,,,,,,23,,,,65,,,,,,,,
First Battle of Dalton,Whitfield County,GA,34.8031,-85.0124,1864,2,22,1864,2,27,1,2,25000,40000,,,,,300,,,,140,,,,,,,,
First Battle of Deep Bottom,Henrico County,VA,37.4359,-77.2609,1864,7,27,1864,7,29,1,2,,,,340,86,62,488,391,208,80,679,,,,,,,,
First Battle of Donaldsonville,Ascension Parish,LA,30.1,-90.99,1862,8,9,1862,8,9,1,1,3 ships,,,,,,0,,,,0,,,,,,,,
First Battle of Dragoon Springs,Cochise County,AZ,31.997613,-110.022508,1862,5,5,1862,5,5,3,3,,,100,,,,,,,4,4,,,,,,,,
First Battle of Fort Fisher,New Hanover County,NC,33.9715,-77.918,1864,12,23,1864,12,27,1,2,,,,,,,,,,,,,,,,,,,320
First Battle of Fort Wagner,Charleston,SC,32.73,-79.871,1863,7,10,1863,7,11,1,2,2600,1770,,123,167,49,339,,,,12,,,,,,,,
First Battle of Independence,Independence,MO,39.0938,-94.4168,1862,8,11,1862,8,11,1,2,344,700-800,,,,,344,,,,,,,,,,,,
First Battle of Kernstown,Frederick County,VA,39.1431,-78.2058,1862,3,23,1862,3,23,1,1,6352-9000,4200,,450,22,118,590,375,263,80,718,,,,,,,,
First Battle of Lexington,Lexington,MO,39.1915,-93.878636,1861,9,12,1861,9,20,1,2,3500,15000,,117,3000,36,3153,120,,30,150,,,,,,,,
First Battle of Memphis,Mississippi River near Memphis,TN,35.1291,-90.1558,1862,6,6,1862,6,6,1,1,5 ironclads 2 rams,8 rams,,,,,1,,,,180,,,,,,,,
First Battle of Mesilla,Mesilla,NM,32.27204,-106.80359,1861,7,25,1861,7,25,1,2,380,300,,6,,3-13,9-19,7,,2,9,,,,,,,,
First Battle of Murfreesboro,Rutherford County,TN,35.847,-86.393,1862,7,13,1862,7,13,1,2,900,1400,,,,,890,,,,150,,,,,,,,
First Battle of Petersburg,Petersburg,VA,37.2038,-77.3831,1864,6,9,1864,6,9,1,2,4500,2500,,,,,40,,,,80,,,,,,,,
First Battle of Pocotaligo,Yemassee,SC,32.636944,-80.863333,1862,5,29,1862,5,29,1,1,,,,9,,2,11,6,1,2,9,,,,,,,,
First Battle of Rappahannock Station,Culpeper County,VA,38.5272,-77.8302,1862,8,22,1862,8,25,1,4,Brigades,Brigades,,,,,,,,,,,,,,,,,225
First Battle of Ream's Station,Dinwiddie County,VA,37.0959,-77.4226,1864,6,29,1864,6,29,1,2,4000,7000,,,,,,,,,,,,,,,,,600
First Battle of Sabine Pass,Jefferson County,TX,29.7359,-93.8711,1862,9,24,1862,9,25,1,1,2 schooners 1 steamship,28 artillerists 30 cavalry 4 guns,,,,,0,,,,0,,,,,,,,
First Battle of Saltville,Smyth County,VA,36.8857,-81.7592,1864,10,2,1864,10,2,1,2,5000,300,,,,,,,,,,,,,,,,,458
First Battle of Springfield,Springfield,MO,37.2035,-93.3205,1861,10,25,1861,10,25,1,1,326,1000-1500,,,,,85,,,,133,,,,,,,,
First Battle of Winchester,Frederick County,VA,39.1773,-78.1744,1862,5,25,1862,5,25,1,2,6500,16000,,,,,2019,,,,400,,,,,,,,
Jackson Expedition,Near Jackson,MS,32.298889,-90.184722,1863,7,5,1863,7,25,1,1,40000,30000,,800,100,100,1000,504,764,71,1339,,,,,,,,
Lawrence Massacre,Douglas County,KS,38.96427,-95.2359,1863,8,21,1863,8,21,1,2,0,400,,,,,164,,,,40,,,,,,,,
Manassas Station Operations,Prince William County,VA,38.7322,-77.5453,1862,8,25,1862,8,27,1,2,,,,,,,400-450,,,,173,,,,,,,,
Marais des Cygnes,Linn County,KS,38.2552,-94.6783,1864,10,25,1864,10,25,1,1,2600,7000,,,,,,,,,,,,,,,,,
Meridian Campaign,Lauderdale County,MS,32.3654,-88.7043,1864,2,14,1864,2,20,1,1,26847,,,,,,170,,,,,,,,,,,,
Naval Attacks on Fort McAllister,Bryan County,GA,31.89009,-81.19738,1863,1,27,1863,3,3,1,2,,,,,,,,,,,,,,,,,,,
New York Draft Riots,New York City,NY,40.716667,-74,1863,7,13,1863,7,16,,4,,,,,,,,,,,,,,,,,,120,2000
Sand Creek Massacre,Kiowa County,CO,38.547708,-102.50635,1864,11,29,1864,11,29,2,1,700,,200,52,,24,76,,,,,,,163,163,,,,
Second Battle of Auburn,Fauquier County,VA,38.70213,-77.70181,1863,10,14,1863,10,14,1,4,,3000,,,,,,,,,,,,,,,,,113
Second Battle of Bull Run,Prince William County,VA,38.81246,-77.52131,1862,8,28,1862,8,30,1,2,62000,50000,,8372,5958,1724,16054,7627,89,1481,9197,,,,,,,,
Second Battle of Cabin Creek,Cherokee Nation,OK,36.48899,-95.121603,1863,9,19,1863,9,19,1,2,1600,330,,38,,9,47,,26,20,46,,,,,,,,
Second Battle of Charleston Harbor,Charleston,SC,32.7524,-79.8749,1863,7,18,1863,9,7,1,4,,,,,,,358,,,,655,,,,,,,,
Second Battle of Chattanooga,Chattanooga,TN,35.0739,-85.3186,1863,8,21,1863,8,21,1,1,,,,,,,,,,,,,,,,,,,
Second Battle of Corinth,Corinth,MS,34.9406,-88.5306,1862,10,3,1862,10,4,1,1,23000,22000,,1841,324,355,2520,1997,1763,473,4233,,,,,,,,
Second Battle of Deep Bottom,Henrico County,VA,37.4438,-77.2844,1864,8,14,1864,8,20,1,2,28000,20000,,1851,721,327,2899,900,400,200,1500,,,,,,,,
Second Battle of Donaldsonville,Ascension Parish,LA,30.108333,-90.991389,1863,6,28,1863,6,28,1,1,2 companies 2 gunboats,5200,,,,,23,,,,301,,,,,,,,
Second Battle of Dragoon Springs,Cochise County,AZ,31.883333,-109.983333,1862,5,9,1862,5,9,3,2,,,,,,,,,,,0,,,5,5,,,,
Second Battle of Fort Fisher,New Hanover County,NC,33.9715,-77.918,1865,1,13,1865,1,15,1,1,Army: 9632 Navy: 58 ships; 2261 (sailors/marines),1900 (Fort Fisher) 6400 (Hoke's Division),,811,47,199,1057,,,583,1900,,,,,,,,
Second Battle of Fort Sumter,Charleston,SC,32.7524,-79.8749,1863,9,7,1863,9,8,1,2,413,320,,,,,117,,,9,9,,,,,,,,
Second Battle of Fort Wagner,Morris Island,SC,32.73,-79.871111,1863,7,18,1863,7,18,1,2,5000 troops 6 Ironclads,1800 troops,,880,389,246,1515,133,5,36,174,,,,,,,,
Second Battle of Fredericksburg,Fredericksburg,VA,38.29575,-77.46844,1863,5,3,1863,5,3,1,1,27100,12000,,,,,1100,,,,700,,,,,,,,
Second Battle of Funkstown,Funkstown,MD,39.60592,-77.700462,1863,7,10,1863,7,10,1,2,1 cavalry division 1 infantry brigade,1 cavalry division 1 infantry brigade,,,,,,,,,,,,,,,,,479
Second Battle of Independence,Independence,MO,39.0856,-94.4412,1864,10,21,1864,10,22,1,2,22000,8500,,,,,0,,,,140,,,,,,,,
Second Battle of Kernstown,Frederick County,VA,39.13951,-78.1953,1864,7,24,1864,7,24,1,2,10000,14000,,,,,1200,,,,600,,,,,,,,
Second Battle of Lexington,Lexington,MO,39.183056,-93.875,1864,10,19,1864,10,19,1,2,2000,8500,,,,,,,,,,,,,,,,,
Second Battle of Memphis,Memphis,TN,35.1446,-90.054,1864,8,21,1864,8,21,1,2,,400,,,,,160,,,,34,,,,,,,,
Second Battle of New Ulm,New Ulm,MN,44.313333,-94.461389,1862,8,23,1862,8,23,2,3,300,,650,,,,34,,,,,,,,,,,,
Second Battle of Newtonia,Newton County,MO,36.8739,-94.1903,1864,10,28,1864,10,28,1,1,,,,,,,400,,,,250,,,,,,,,
Second Battle of Petersburg,Petersburg,VA,37.2211,-77.3782,1864,6,15,1864,6,18,1,1,62000,38000,,8513,1185,1688,11386,2900,900,200,4000,,,,,,,,
Second Battle of Pocotaligo,Yemassee,SC,32.636944,-80.863333,1862,10,22,1862,10,22,1,2,4500,2000,,294,3,43,340,124,18,21,163,,,,,,,,
Second Battle of Rappahannock Station,Culpeper County,VA,38.533,-77.8136,1863,11,7,1863,11,7,1,1,2000,2000,,,,,419,,1600,,1670,,,,,,,,
Second Battle of Ream's Station,Dinwiddie County,VA,37.0959,-77.4226,1864,8,25,1864,8,25,1,2,9000,10000,,529,2073,140,2747,,,,814,,,,,,,,
Second Battle of Sabine Pass,Jefferson County,TX,29.720514,-93.870747,1863,9,8,1863,9,8,1,2,5000,36,,,,200,200,,,,0,,,,,,,,
Second Battle of Saltville,Saltville,VA,36.8646,-81.7674,1864,12,20,1864,12,21,1,1,4500,2800,,,,,,,,,,,,,,,,,
Second Battle of Winchester,Frederick County,VA,39.18473,-78.16708,1863,6,13,1863,6,15,1,2,7000,12500,,348,4000,95,4443,219,3,47,269,,,,,,,,
Siege of Corinth,Corinth,MS,34.934,-88.522,1862,4,29,1862,5,30,1,1,120000,65000,,,,,1000,,,,1000,,,,,,,,
Siege of Fort Macon,Carteret County,NC,34.696111,-76.678889,1862,3,23,1862,4,26,1,1,3259,450,,5,8,2,15,16,400,8,424,,,,,,,,
Siege of Port Hudson,East Baton Rouge Parish and East Feliciana Parish,LA,30.693889,-91.276389,1863,5,22,1863,7,9,1,1,40000,7500,,,,5000,10000,,,750,1000,,,,,,,,
Siege of Tubac,Tubac,AZ,31.625556,-111.051944,1861,8,1,1861,8,1,3,4,,25,200,,,,,,,,,,,,,,,,
Siege of Vicksburg,Warren County,MS,32.3436,-90.8511,1863,5,18,1863,7,4,1,1,77000,33000,,3793,276,766,4835,,,3202,32697,,,,,,,,
Siege of Yorktown (1862),York County,VA,37.184,-76.534,1862,4,5,1862,5,4,1,4,121500,35000,,,,,182,,,,300,,,,,,,,
Skirmish at Blackwater Creek,Johnson County,MO,38.75,-93.81,1861,12,19,1861,12,19,1,1,4000,750,,8,,2,10,,684,,684+,,,,,,,,
Skirmish at Island Mound,Bates County,MO,38.26,-94.34,1862,10,29,1862,10,29,1,1,250,350,,11,,8,19,,,30-40,30+-40+,,,,,,,,
Skirmish of Sporting Hill,Camp Hill,PA,40.241111,-76.926111,1863,6,30,1863,6,30,1,4,Elements of Pennsylvania and New York state militia,Elements of the 16th Virginia Cavalry Regiment,,11,,,11,30,,16,46,,,,,,,,
St. Albans Raid,St. Albans,VT,44.81028,-73.15222,1864,10,19,1864,10,19,1,2,local police and militia,21,,2,,1,3,1,,,1,,,,,,,,
Third Battle of Murfreesboro,Murfreesboro,TN,35.8689,-86.4593,1864,12,5,1864,12,7,1,1,8000,7000,,,,,225,,,,197,,,,,,,,
Third Battle of Petersburg,Dinwiddie County,VA,37.1776,-77.4774,1865,4,2,1865,4,2,1,1,114335,45000,,,,,3936,,,,5000,,,,,,,,
Third Battle of Winchester,Frederick County,VA,39.1956,-78.1325,1864,9,19,1864,9,19,1,1,40000,12000,,,,,5020,,,,3610,,,,,,,,
Yazoo Pass Expedition,,MS,34.411667,-90.565,1863,2,3,1863,4,12,1,2,8 gunboats 1 mortar raft,2000,,,,,,,,,,,,,,,,,
